{"cameraMode":{"drawMode":0,"name":"Shaded","section":"Shading Mode"},"sceneLighting":false,"audioPlay":false,"sceneViewState":{"m_AlwaysRefresh":false,"showFog":true,"showSkybox":false,"showFlares":true,"showImageEffects":true,"showParticleSystems":true,"showVisualEffectGraphs":true,"m_FxEnabled":true},"in2DMode":false,"pivot":{"x":0.21628332138061524,"y":-0.0014493465423583985,"z":1.9896178245544434},"rotation":{"x":0.052174974232912067,"y":0.947735607624054,"z":-0.21572637557983399,"w":0.2292177677154541},"size":2.4679489135742189,"orthographic":false}