{"cameraMode":{"drawMode":0,"name":"Shaded","section":"Shading Mode"},"sceneLighting":false,"audioPlay":false,"sceneViewState":{"m_AlwaysRefresh":false,"showFog":true,"showSkybox":false,"showFlares":true,"showImageEffects":true,"showParticleSystems":true,"showVisualEffectGraphs":true,"m_FxEnabled":true},"in2DMode":false,"pivot":{"x":-6.703990459442139,"y":-3.3794288635253908,"z":201.67745971679688},"rotation":{"x":0.002260316163301468,"y":0.9828968644142151,"z":-0.18374544382095338,"w":0.012091326527297497},"size":32.36903381347656,"orthographic":false}