{"cameraMode":{"drawMode":0,"name":"Shaded","section":"Shading Mode"},"sceneLighting":false,"audioPlay":false,"sceneViewState":{"m_AlwaysRefresh":false,"showFog":true,"showSkybox":false,"showFlares":true,"showImageEffects":true,"showParticleSystems":true,"showVisualEffectGraphs":true,"m_FxEnabled":true},"in2DMode":false,"pivot":{"x":-1.276220440864563,"y":13.575174331665039,"z":195.02957153320313},"rotation":{"x":0.002260316163301468,"y":0.9828968644142151,"z":-0.18374544382095338,"w":0.012091326527297497},"size":32.989986419677737,"orthographic":false}